Date,polarity,subjectivity
1/7/2019,0.211240453,0.341574192
2/7/2019,0.246337694,0.319595001
3/7/2019,0.18141414,0.06601464
4/7/2019,0.163392567,0.218119021
5/7/2019,0.050206009,0.075300515
6/7/2019,0.116869261,0.255789385
7/7/2019,0.064016189,0.16714015
8/7/2019,0.086543507,0.464142418
9/7/2019,-0.046202187,0.314416511
10/7/2019,-0.066818355,0.463670044
11/7/2019,-0.007380704,0.195601755
12/7/2019,0.03500519,0.193958121
13/7/2019,0.10501748,0.030885105
14/7/2019,0.101874416,0.323965266
15/7/2019,0.125308028,0.349686064
16/7/2019,0.084448612,0.29329009
17/7/2019,0.063076457,-0.016575901
18/7/2019,0.106316288,-0.057193719
19/7/2019,0.144444583,0.018883404
20/7/2019,0.154453962,0.256657554
21/7/2019,0.124588181,0.470966484
22/7/2019,0.10443464,0.634956384
23/7/2019,0.098496838,0.505869862
24/7/2019,0.084539864,0.319776745
25/7/2019,0.119987927,0.163355355
26/7/2019,0.121145426,0.36642356
27/7/2019,0.14257189,0.499212487
28/7/2019,0.07383608,0.500835237
29/7/2019,0.067518594,0.310105867
30/7/2019,0.081542397,0.268996684
31/7/2019,0.093480499,0.24486143
1/8/2019,0.074882159,0.266190713
2/8/2019,0.020107011,0.295376662
3/8/2019,0.05432907,0.433316628
4/8/2019,0.095101554,0.581369501
5/8/2019,0.063871981,0.580175657
6/8/2019,-0.013559933,0.441889368
7/8/2019,-0.01238264,0.441945442
8/8/2019,0.05383055,0.352460076
9/8/2019,0.108212341,0.536143398
10/8/2019,0.168914491,0.288327636
11/8/2019,0.126802063,0.377985553
12/8/2019,0.113393455,0.313360024
13/8/2019,0.017810274,0.457541598
14/8/2019,0.087932506,0.273100343
15/8/2019,0.150903198,0.23924021
16/8/2019,0.143595552,0.041053278
17/8/2019,0.100456659,0.079437701
18/8/2019,0.111367048,0.122074683
19/8/2019,0.153353931,0.291453453
20/8/2019,0.247032125,0.304809161
21/8/2019,0.225822669,0.080843109
22/8/2019,0.209735502,0.223636895
23/8/2019,0.164619616,0.380599998
24/8/2019,0.151952669,0.544241162
25/8/2019,0.121200686,0.230410669
26/8/2019,0.08604909,0.079016114
27/8/2019,0.098307597,-0.01230851
28/8/2019,0.122374489,0.246498576
29/8/2019,0.053085154,0.321281131
30/8/2019,0.075783192,0.439727156
31/8/2019,0.042665893,0.203489518
1/9/2019,0.090753134,0.130588185
2/9/2019,0.059283614,0.143949095
3/9/2019,0.050430547,0.404746593
4/9/2019,0.022242331,0.403881877
5/9/2019,-0.043422437,0.471440699
6/9/2019,0.031974975,0.417796279
7/9/2019,0.056197679,0.482976573
8/9/2019,0.127610433,0.326524372
9/9/2019,0.102354729,0.404055868
10/9/2019,0.093170069,0.367772903
11/9/2019,0.10989374,0.485112145
12/9/2019,0.136794592,0.319873161
13/9/2019,0.145309377,0.348895126
14/9/2019,0.132450576,0.309437456
15/9/2019,0.158184,0.447115274
16/9/2019,0.241972556,0.52660329
17/9/2019,0.196651813,0.359156654
18/9/2019,0.148568778,0.366948729
19/9/2019,0.111328515,0.420732115
20/9/2019,0.134887257,0.542352233
21/9/2019,0.073965085,0.5240191
22/9/2019,0.033599944,0.347304274
23/9/2019,0.109146777,0.228898201
24/9/2019,0.190411995,0.036185478
25/9/2019,0.168128377,0.2109041
26/9/2019,0.026442439,0.251254946
27/9/2019,0.019386616,0.215095283
28/9/2019,0.033993687,0.115205985
29/9/2019,0.087238462,0.003182461
30/9/2019,0.052561853,0.112843879
1/10/2019,0.037089422,0.248923043
2/10/2019,0.093014078,0.344839553
3/10/2019,0.227300105,0.208884487
4/10/2019,0.266822123,0.180141843
5/10/2019,0.195343992,0.383472359
6/10/2019,0.068616951,0.677649135
7/10/2019,0.108806114,0.570578336
8/10/2019,0.090575775,0.439659722
9/10/2019,0.032568095,0.438642053
10/10/2019,-0.021227159,0.600838831
11/10/2019,0.037762998,0.477487169
12/10/2019,0.094748206,0.39562001
13/10/2019,0.135231331,0.344256654
14/10/2019,0.184813355,0.322475461
15/10/2019,0.144556627,0.306057031
16/10/2019,0.162873089,0.348807042
17/10/2019,0.087774291,0.529273137
18/10/2019,0.125793001,0.540902864
19/10/2019,0.02439721,0.455654829
20/10/2019,0.011719698,0.263138882
21/10/2019,0.019248066,0.041283982
22/10/2019,0.072341528,-0.185782757
23/10/2019,0,0
24/10/2019,0,0
25/10/2019,-0.010414926,0.141525109
26/10/2019,-0.007811195,0.106143832
27/10/2019,-0.006665622,0.114498399
28/10/2019,-0.005554685,0.095415332
29/10/2019,-0.005554685,0.095415332
30/10/2019,-0.005554685,0.095415332
31/10/2019,0.030929834,0.108026696
1/11/2019,0.047245771,0.175633317
2/11/2019,0.080926327,0.20098054
3/11/2019,0.076974723,0.29363927
4/11/2019,0.098178427,0.320768899
5/11/2019,0.100470093,0.427852233
6/11/2019,0.116667784,0.399023769
7/11/2019,0.121563968,0.388066979
8/11/2019,0.097885517,0.41620671
9/11/2019,0.101837121,0.32354798
10/11/2019,0.080633418,0.34641835
11/11/2019,0.124017356,0.34044713
12/11/2019,0.160459428,0.373506894
13/11/2019,0.119282029,0.355919563
14/11/2019,0.103864912,0.369405163
15/11/2019,0.103864912,0.369405163
16/11/2019,0.09162076,0.38099142
17/11/2019,0.045945154,0.279879307
18/11/2019,-0.037971665,0.192274088
19/11/2019,-0.018006387,0.153211588
20/11/2019,-0.012244152,0.061586257
21/11/2019,-0.012244152,0.061586257
22/11/2019,0.010185185,0.057407407
23/11/2019,0.034175084,0.151465173
24/11/2019,0.034175084,0.151465173
25/11/2019,0.034175084,0.151465173
26/11/2019,0.030174764,0.21004101
27/11/2019,0.022535875,0.250179899
28/11/2019,0.012350689,0.192772492
29/11/2019,0.000583013,0.125936949
30/11/2019,0.000583013,0.125936949
1/12/2019,0.000583013,0.125936949
2/12/2019,0.137916667,0.192361111
3/12/2019,0.145555556,0.152222222
4/12/2019,0.164166667,0.212147436
5/12/2019,0.151944444,0.184925214
6/12/2019,0.175536265,0.270419041
7/12/2019,0.175536265,0.270419041
8/12/2019,0.071568011,0.185696819
9/12/2019,0.088645032,0.254194293
10/12/2019,0.073332532,0.296699635
11/12/2019,0.074224022,0.374860327
12/12/2019,0.050632201,0.310199833
13/12/2019,0.050632201,0.310199833
14/12/2019,0.065017122,0.337630389
15/12/2019,0.047940102,0.269132914
16/12/2019,0.069120657,0.257327359
17/12/2019,0.068229167,0.179166667
18/12/2019,0.068229167,0.158333333
19/12/2019,0.068229167,0.158333333
20/12/2019,0.042708333,0.151896368
21/12/2019,0.069223485,0.235229701
22/12/2019,0.047522096,0.214049145
23/12/2019,0.047522096,0.214049145
24/12/2019,0.047522096,0.214049145
25/12/2019,0.097522096,0.364049145
26/12/2019,0.100126263,0.374691358
27/12/2019,0.073611111,0.291358025
28/12/2019,0.154166667,0.37191358
29/12/2019,0.154166667,0.37191358
30/12/2019,0.189285714,0.464092813
31/12/2019,0.139285714,0.314092813
1/1/2020,0.084598214,0.374991733
2/1/2020,0.091000331,0.44375496
3/1/2020,0.007666997,0.29375496
4/1/2020,0.022481812,0.317829034
5/1/2020,-0.012637235,0.225649802
6/1/2020,-0.014489087,0.287223876
7/1/2020,0.019365079,0.154411376
8/1/2020,0.04086069,0.17099537
9/1/2020,0.048731061,0.211041667
10/1/2020,0.033916246,0.186967593
11/1/2020,0.033916246,0.186967593
12/1/2020,0.035768098,0.125393519
13/1/2020,0.035768098,0.125393519
14/1/2020,0.00787037,0.078935185
15/1/2020,9.25E-18,0.038888889
16/1/2020,9.25E-18,0.038888889
17/1/2020,9.25E-18,0.038888889
18/1/2020,9.25E-18,0.038888889
19/1/2020,9.25E-18,0.038888889
20/1/2020,0.015593434,0.051862374
21/1/2020,0.017831089,0.108189534
22/1/2020,0.017831089,0.108189534
23/1/2020,0.044497755,0.181522868
24/1/2020,0.061638408,0.266366342
25/1/2020,0.057102536,0.353926279
26/1/2020,0.041509101,0.302063905
27/1/2020,0.076925768,0.341209996
28/1/2020,0.076925768,0.341209996
29/1/2020,0.050259101,0.267876663
30/1/2020,0.033118449,0.183033188
31/1/2020,0.055339506,0.183343621
1/2/2020,0.075131173,0.253135288
2/2/2020,0.037476852,0.157662037
3/2/2020,0.049390598,0.238874975
4/2/2020,0.082581886,0.291757972
5/2/2020,0.137259616,0.376450131
6/2/2020,0.148639602,0.361869469
7/2/2020,0.151070157,0.342077802
8/2/2020,0.1689273,0.379604257
9/2/2020,0.157013554,0.298391319
10/2/2020,0.123822266,0.245508323
11/2/2020,0.069144536,0.160816163
12/2/2020,0.081746032,0.143082011
13/2/2020,0.05952381,0.093082011
14/2/2020,0.041666667,0.055555556
15/2/2020,0.145833333,0.121759259
16/2/2020,0.140526094,0.188329125
17/2/2020,0.153646134,0.290304984
18/2/2020,0.111265182,0.291860162
19/2/2020,0.111265182,0.291860162
20/2/2020,0.123169943,0.393050638
21/2/2020,0.028204666,0.441603879
22/2/2020,0.049839466,0.443672181
23/2/2020,0.036719426,0.341696321
24/2/2020,0.022850379,0.348474477
25/2/2020,0.056267045,0.399780032
26/2/2020,0.057695617,0.343589556
27/2/2020,0.077115861,0.303350709
28/2/2020,0.082537037,0.323829405
29/2/2020,0.074203704,0.407162738
1/3/2020,0.094382275,0.419821469
2/3/2020,0.030132275,0.466015913
3/3/2020,0.016798942,0.421015913
4/3/2020,-0.011822691,0.346497815
5/3/2020,-0.026626984,0.349973545
6/3/2020,-0.012660566,0.334276812
7/3/2020,-0.021769913,0.30231473
8/3/2020,0.00906342,0.20481473
9/3/2020,-0.013940052,0.27981473
10/3/2020,-0.009363032,0.360638594
11/3/2020,-0.016307476,0.268046001
12/3/2020,-0.021940561,0.200409402
13/3/2020,-0.009094441,0.229115861
14/3/2020,-0.009094441,0.295782528
15/3/2020,0.085373677,0.27520172
16/3/2020,0.099871332,0.268653349
17/3/2020,0.099871332,0.268653349
18/3/2020,0.099871332,0.268653349
19/3/2020,0.090539322,0.195361352
20/3/2020,0.090539322,0.128694685
21/3/2020,0.019074675,0.074275493
22/3/2020,0,0
23/3/2020,0.003472222,0.042361111
24/3/2020,0.027916667,0.10125
25/3/2020,0.027916667,0.10125
26/3/2020,0.009085498,0.194503968
27/3/2020,0.009085498,0.194503968
28/3/2020,0.054077832,0.279916209
29/3/2020,0.060482153,0.274592135
30/3/2020,0.036037708,0.215703246
31/3/2020,0.078310636,0.296511198
1/4/2020,0.167280694,0.269923897
2/4/2020,0.167280694,0.269923897
3/4/2020,0.134577922,0.26390279
4/4/2020,0.124701379,0.226865753
5/4/2020,0.124701379,0.226865753
6/4/2020,0.079615951,0.228418911
7/4/2020,0.031477062,0.223085578
8/4/2020,0.031477062,0.223085578
9/4/2020,-0.0058125,0.185361111
10/4/2020,0.033111111,0.266229167
11/4/2020,0.066907407,0.298945216
12/4/2020,0.069719907,0.216584105
13/4/2020,0.047719907,0.155250772
14/4/2020,0.053780513,0.183575687
15/4/2020,0.114659639,0.224839293
16/4/2020,0.075736028,0.143971237
17/4/2020,0.062564732,0.18222741
18/4/2020,0.076453621,0.218338521
19/4/2020,0.076453621,0.218338521
20/4/2020,0.086712459,0.285499717
21/4/2020,0.084166667,0.251180556
22/4/2020,0.086944444,0.309513889
23/4/2020,0.134375,0.304513889
24/4/2020,0.145712868,0.31089144
25/4/2020,0.145712868,0.31089144
26/4/2020,0.127310091,0.265405329
27/4/2020,0.093976757,0.216794218
28/4/2020,0.122692486,0.234759586
29/4/2020,0.054636931,0.168787363
30/4/2020,0.063437951,0.183243146
1/5/2020,0.063437951,0.183243146
2/5/2020,0.089230925,0.193344832
3/5/2020,0.113939596,0.257124064
4/5/2020,0.1285572,0.244436474
5/5/2020,0.187756334,0.294147874
6/5/2020,0.142617446,0.302018244
7/5/2020,0.142192842,0.349025061
8/5/2020,0.13827723,0.365761054
9/5/2020,0.114664749,0.373825257
10/5/2020,0.056432426,0.395365661
11/5/2020,0.031079251,0.428723285
12/5/2020,0.070826726,0.433529682
13/5/2020,0.101289496,0.4785712
14/5/2020,0.248162134,0.451733521
15/5/2020,0.26100101,0.42411279
16/5/2020,0.273122222,0.338961274
17/5/2020,0.261957217,0.334804919
18/5/2020,0.18123752,0.37976704
19/5/2020,0.151199353,0.287718704
20/5/2020,-0.015467313,0.254385371
21/5/2020,-0.015371845,0.261569744
22/5/2020,-0.011432451,0.331645502
23/5/2020,-0.011910447,0.316092176
24/5/2020,0.07648241,0.31162789
25/5/2020,0.103519447,0.342368631
26/5/2020,0.103519447,0.325701964
27/5/2020,0.104482601,0.351125695
28/5/2020,0.161654318,0.389383271
29/5/2020,0.139451359,0.32602393
30/5/2020,0.103141835,0.215904882
31/5/2020,0.080577409,0.245959596
1/6/2020,0.055577409,0.285703186
2/6/2020,0.049642054,0.273882435
3/6/2020,0.019926446,0.256563494
4/6/2020,0.011593112,0.339896827
5/6/2020,0.015452916,0.37009524
6/6/2020,0.027274948,0.36812915
7/6/2020,0.089774948,0.388802227
8/6/2020,0.080716616,0.32379217
9/6/2020,0.049321113,0.232777778
10/6/2020,0.057654446,0.149444444
11/6/2020,0.062453345,0.209346672
12/6/2020,0.053630338,0.186531386
13/6/2020,0.016130338,0.12611472
14/6/2020,0.041650745,0.196128484
15/6/2020,0.098467397,0.288703148
16/6/2020,0.105015016,0.373350965
17/6/2020,0.096356313,0.283250325
18/6/2020,0.088884677,0.247236246
19/6/2020,0.088440128,0.311651229
20/6/2020,0.062919721,0.254457978
21/6/2020,-0.002230264,0.184105536
22/6/2020,0.039138784,0.170291052
23/6/2020,0.122472117,0.220291052
24/6/2020,0.145297181,0.281483532
25/6/2020,0.145741731,0.217068549
26/6/2020,0.173519509,0.282025814
27/6/2020,0.230057107,0.342912458
28/6/2020,0.180473774,0.328190236
29/6/2020,0.180473774,0.303190236
30/6/2020,0.157648709,0.241997755
1/7/2020,0.157648709,0.241997755
2/7/2020,0.129870932,0.164219978
3/7/2020,0.126390693,0.156580087
4/7/2020,0.131277056,0.191883117
5/7/2020,0.047943723,0.166883117
6/7/2020,0.047943723,0.166883117
7/7/2020,0.047943723,0.166883117
8/7/2020,0.043840188,0.226605339
9/7/2020,-0.000883838,0.151136364
10/7/2020,-0.004103535,0.059722222
11/7/2020,-0.004103535,0.059722222
12/7/2020,0.042682179,0.13109127
13/7/2020,0.04078824,0.167399666
14/7/2020,0.052499858,0.186313618
15/7/2020,0.102129487,0.301498803
16/7/2020,0.108406544,0.412038726
17/7/2020,0.108406544,0.412038726
18/7/2020,0.089398607,0.415669678
19/7/2020,0.142635807,0.484164325
20/7/2020,0.148082378,0.498128259
21/7/2020,0.099532745,0.450101263
22/7/2020,0.093255689,0.33956134
23/7/2020,0.118255689,0.381228007
24/7/2020,0.110824502,0.383586435
25/7/2020,0.072459195,0.342041108
26/7/2020,0.070218034,0.334940338
27/7/2020,0.069138037,0.267782149
28/7/2020,0.069138037,0.267782149
29/7/2020,0.044138037,0.226115483
30/7/2020,0.05386294,0.225195465
31/7/2020,0.077551653,0.29687602
1/8/2020,0.066738161,0.211376682
2/8/2020,0.080297685,0.302030121
3/8/2020,0.074314439,0.363286735
4/8/2020,0.088211763,0.430271062
5/8/2020,0.105759316,0.458743366
6/8/2020,0.08378133,0.398864146
7/8/2020,0.106508603,0.467793018
8/8/2020,0.137354346,0.48094681
9/8/2020,0.310004257,0.586356863
10/8/2020,0.296106934,0.519372535
11/8/2020,0.25463868,0.511981662
12/8/2020,0.239949999,0.436922611
13/8/2020,0.227828787,0.442236163
14/8/2020,0.207233045,0.383071789
15/8/2020,0.046770082,0.267701419
16/8/2020,0.106955267,0.352099567
17/8/2020,0.133975469,0.349276696
18/8/2020,0.154312771,0.40622114
19/8/2020,0.156397249,0.42318657
20/8/2020,0.115921058,0.453543713
21/8/2020,0.109717354,0.402247417
22/8/2020,0.066044515,0.388639735
23/8/2020,0.06179217,0.384666972
24/8/2020,0.08054217,0.374746337
25/8/2020,0.09299052,0.353223905
26/8/2020,0.109657187,0.278223905
27/8/2020,0.109657187,0.278223905
28/8/2020,0.176478175,0.290766772
29/8/2020,0.147559524,0.200042565
30/8/2020,0.145016955,0.226793287
31/8/2020,0.172475469,0.240051587
1/9/2020,0.172475469,0.240051587
2/9/2020,0.172475469,0.240051587
3/9/2020,0.074846401,0.243788026
4/9/2020,0.074846401,0.243788026
5/9/2020,0.078890386,0.238222091
6/9/2020,0.06483465,0.214653369
7/9/2020,0.06483465,0.214653369
8/9/2020,0.147643292,0.335116332
9/9/2020,0.15392135,0.324561711
10/9/2020,0.149868033,0.394184823
11/9/2020,0.158961554,0.402640788
12/9/2020,0.144186121,0.442222017
13/9/2020,0.167717867,0.553771163
14/9/2020,0.118705521,0.500785051
15/9/2020,0.157341885,0.517940986
16/9/2020,0.161395202,0.448317874
17/9/2020,0.111712963,0.371653312
18/9/2020,0.087946729,0.272697083
19/9/2020,0.087142256,0.260041791
20/9/2020,0.05334596,0.192564939
21/9/2020,0.022727273,0.098893853
22/9/2020,0.060574495,0.177713298
23/9/2020,0.081841856,0.246376492
24/9/2020,0.099508911,0.299717595
25/9/2020,0.085439046,0.276425594
26/9/2020,0.055577935,0.36323115
27/9/2020,0.136259753,0.481707581
28/9/2020,0.127766687,0.480027898
29/9/2020,0.134148527,0.472242439
30/9/2020,0.132280083,0.478797169
1/10/2020,0.123642516,0.455358016
2/10/2020,0.153929183,0.460653811
3/10/2020,0.130687841,0.425213094
4/10/2020,0.108203949,0.402640883
5/10/2020,0.141700599,0.414228542
6/10/2020,0.130932852,0.387882091
7/10/2020,0.153082248,0.414713576
8/10/2020,0.189561454,0.410211431
9/10/2020,0.092515599,0.39465808
10/10/2020,0.113492556,0.426826641
11/10/2020,0.114251468,0.425789818
12/10/2020,0.132806339,0.464713264
13/10/2020,0.106947944,0.41569473
14/10/2020,0.096831301,0.410127751
15/10/2020,0.15675863,0.410762451
16/10/2020,0.13889865,0.371164387
17/10/2020,0.100347577,0.376761456
18/10/2020,0.076761842,0.304288627
19/10/2020,0.108363383,0.345031172
20/10/2020,0.1382756,0.330828163
21/10/2020,0.147964336,0.343352376
22/10/2020,0.153334998,0.393771394
23/10/2020,0.155233423,0.396475524
24/10/2020,0.12190009,0.454808857
25/10/2020,0.103213897,0.449372115
26/10/2020,0.083782079,0.458857712
27/10/2020,0.094277346,0.460859734
28/10/2020,0.106052189,0.434796108
29/10/2020,0.083415584,0.414184372
30/10/2020,0.131484818,0.438605668
31/10/2020,0.122258628,0.373324216
1/11/2020,0.053562955,0.398057304
2/11/2020,0.074334781,0.390626969
3/11/2020,0.050651108,0.409897419
4/11/2020,0.056257926,0.435135445
5/11/2020,0.133188692,0.427380815
6/11/2020,0.133188692,0.427380815
7/11/2020,0.209796071,0.414200179
8/11/2020,0.21365738,0.404410225
9/11/2020,0.229319324,0.401352996
10/11/2020,0.237938629,0.381465239
11/11/2020,0.153243945,0.403792958
12/11/2020,0.171324893,0.474335152
13/11/2020,0.153139452,0.472845464
14/11/2020,0.118160244,0.493048823
15/11/2020,0.113691964,0.44439548
16/11/2020,0.101781788,0.450884645
17/11/2020,0.079054597,0.410848593
18/11/2020,0.080806201,0.403691968
19/11/2020,0.07716475,0.390723812
20/11/2020,0.064847784,0.401337542
21/11/2020,0.065537996,0.406035068
22/11/2020,0.075356538,0.390133155
23/11/2020,0.135777622,0.398370351
24/11/2020,0.127523278,0.40443956
25/11/2020,0.111209387,0.40229565
26/11/2020,0.12120448,0.371593716
27/11/2020,0.113896469,0.396543381
28/11/2020,0.084959961,0.399721953
29/11/2020,0.059831122,0.408660683
30/11/2020,0.081781139,0.425038722
1/12/2020,0.077344883,0.42208211
2/12/2020,0.061488735,0.413115966
3/12/2020,0.05781595,0.428997287
4/12/2020,0.111384748,0.455573065
5/12/2020,0.071951586,0.45049584
6/12/2020,0.035118408,0.453153633
7/12/2020,0.052120125,0.45502485
8/12/2020,0.097186728,0.49218359
9/12/2020,0.107796697,0.440461608
10/12/2020,0.07252636,0.426912226
11/12/2020,0.079823278,0.417421608
12/12/2020,0.098604422,0.397477779
13/12/2020,0.114485888,0.412052489
14/12/2020,0.068540521,0.385761967
15/12/2020,0.070377643,0.393388229
16/12/2020,0.107043468,0.396424004
17/12/2020,0.143172428,0.424097926
18/12/2020,0.139993639,0.435422528
19/12/2020,0.106101461,0.398958375
20/12/2020,0.105904258,0.381367385
21/12/2020,0.135747675,0.418351169
22/12/2020,0.111659712,0.412434502
23/12/2020,0.106317694,0.401386089
24/12/2020,0.114761762,0.40454028
25/12/2020,0.149565278,0.436451274
26/12/2020,0.153776518,0.428861677
27/12/2020,0.125885631,0.429978417
28/12/2020,0.116507825,0.418693344
29/12/2020,0.120629412,0.403514126
30/12/2020,0.123272864,0.390707926
31/12/2020,0.110870561,0.373510732
1/1/2021,0.11705863,0.39114881
2/1/2021,0.123084572,0.385959101
3/1/2021,0.157308246,0.422710164
4/1/2021,0.160623084,0.43650761
5/1/2021,0.145456115,0.424737819
6/1/2021,0.147431024,0.431199871
7/1/2021,0.13012762,0.447320299
8/1/2021,0.133958459,0.451297724
9/1/2021,0.13719461,0.444154643
10/1/2021,0.103811476,0.447561049
11/1/2021,0.109449845,0.455050397
12/1/2021,0.100736615,0.455591863
13/1/2021,0.107239249,0.444802281
14/1/2021,0.098730128,0.424167275
15/1/2021,0.06271945,0.388872896
16/1/2021,0.091982131,0.396019707
17/1/2021,0.099462468,0.411577658
18/1/2021,0.100698196,0.402795518
19/1/2021,0.111088973,0.415888925
20/1/2021,0.117934727,0.429314635
21/1/2021,0.114298688,0.464287672
22/1/2021,0.08492067,0.4695162
23/1/2021,0.078388636,0.466282587
24/1/2021,0.083414774,0.47470222
25/1/2021,0.069931805,0.453058451
26/1/2021,0.049759238,0.435846029
27/1/2021,0.09324523,0.433839831
28/1/2021,0.112211905,0.410358605
29/1/2021,0.118247012,0.409782299
30/1/2021,0.113047262,0.402637339
31/1/2021,0.135196302,0.428394847
1/2/2021,0.150342962,0.452187677
2/2/2021,0.129648905,0.445157327
3/2/2021,0.134638011,0.449062846
4/2/2021,0.137620229,0.442191329
5/2/2021,0.132517848,0.457349181
6/2/2021,0.102956569,0.37491346
7/2/2021,0.08103729,0.298167999
8/2/2021,0.06397534,0.292010581
9/2/2021,0.062666019,0.285854426
10/2/2021,0.064184648,0.285879679
11/2/2021,0.0774661,0.282397933
12/2/2021,0.096937213,0.358833635
13/2/2021,0.107134899,0.419397121
14/2/2021,0.105942133,0.422608847
15/2/2021,0.117123411,0.42598258
16/2/2021,0.103147485,0.431061763
17/2/2021,0.096672679,0.421101834
18/2/2021,0.099572084,0.41796581
19/2/2021,0.108899874,0.427876306
20/2/2021,0.117523366,0.427918825
21/2/2021,0.11595326,0.434146649
22/2/2021,0.118384108,0.434715203
23/2/2021,0.109640561,0.447149734
24/2/2021,0.102540705,0.456010219
25/2/2021,0.106399509,0.463827696
26/2/2021,0.108319262,0.456041556
27/2/2021,0.105922209,0.458877116
28/2/2021,0.107486983,0.453112315
1/3/2021,0.096207068,0.375461082
2/3/2021,0.125633375,0.388124151
3/3/2021,0.12824087,0.382216318
4/3/2021,0.127174985,0.387119384
5/3/2021,0.130838996,0.381698556
6/3/2021,0.115478723,0.310974918
7/3/2021,0.158707439,0.402840699
8/3/2021,0.150998012,0.380849878
9/3/2021,0.14002835,0.382147421
10/3/2021,0.133877799,0.379956109
11/3/2021,0.122115683,0.373116194
12/3/2021,0.137852502,0.445603366
13/3/2021,0.115230336,0.429466097
14/3/2021,0.097204367,0.429086126
15/3/2021,0.09378925,0.424893175
16/3/2021,0.102534678,0.434509255
17/3/2021,0.099301457,0.438220125
18/3/2021,0.118928996,0.409652368
19/3/2021,0.098322445,0.333923856
20/3/2021,0.079360872,0.261471416
21/3/2021,0.067753875,0.191983197
22/3/2021,0.046019303,0.113000026
23/3/2021,0.035364358,0.043919414
24/3/2021,3.70E-17,0
25/3/2021,3.70E-17,0
26/3/2021,3.70E-17,0
27/3/2021,3.70E-17,0
28/3/2021,0.017764353,0.076155089
29/3/2021,0.031684582,0.149323641
30/3/2021,0.049691573,0.218093638
31/3/2021,0.073633742,0.293401645
1/4/2021,0.10050435,0.366296667
2/4/2021,0.115788456,0.442123903
3/4/2021,0.108294532,0.442603964
4/4/2021,0.107889068,0.4430953
5/4/2021,0.106979943,0.445183311
6/4/2021,0.107831872,0.437750855
7/4/2021,0.103829177,0.444510033
8/4/2021,0.103365732,0.439874591
9/4/2021,0.110950569,0.439934785
10/4/2021,0.115140824,0.446009218
11/4/2021,0.098042958,0.37515121
12/4/2021,0.073248859,0.307275659
13/4/2021,0.050380947,0.227621459
14/4/2021,0.055432779,0.229615652
15/4/2021,0.06429981,0.22615876
16/4/2021,0.063321568,0.222806763
17/4/2021,0.08383997,0.305667282
18/4/2021,0.100949152,0.379607351
19/4/2021,0.122468877,0.454066989
20/4/2021,0.125197035,0.454248165
21/4/2021,0.112860773,0.456737938
22/4/2021,0.114464413,0.457015627
23/4/2021,0.112075304,0.446302843
24/4/2021,0.108043742,0.444060009
25/4/2021,0.100625219,0.439899424
26/4/2021,0.094477312,0.439652219
27/4/2021,0.098400286,0.431075896
28/4/2021,0.101036974,0.429890486
29/4/2021,0.102705937,0.426571649
30/4/2021,0.107100206,0.421662481
1/5/2021,0.107950603,0.414673594
2/5/2021,0.106153135,0.410767565
3/5/2021,0.101135435,0.417920758
4/5/2021,0.098761524,0.409462161
5/5/2021,0.102495229,0.415116844
6/5/2021,0.103135762,0.420582129
7/5/2021,0.10728859,0.42710956
8/5/2021,0.112698529,0.427926234
9/5/2021,0.121809816,0.427405401
10/5/2021,0.121699728,0.429206677
11/5/2021,0.117276338,0.427277149
12/5/2021,0.118953159,0.424654542
13/5/2021,0.117546182,0.422983172
14/5/2021,0.105444934,0.426881819
15/5/2021,0.098724031,0.424951241
16/5/2021,0.103938436,0.437959582
17/5/2021,0.095626449,0.435243888
18/5/2021,0.095902197,0.440965281
19/5/2021,0.089571573,0.444777188
20/5/2021,0.097617183,0.439870998
21/5/2021,0.094421202,0.439885266
22/5/2021,0.087897475,0.429040637
23/5/2021,0.091688198,0.427089241
24/5/2021,0.088171635,0.419602042
25/5/2021,0.097612438,0.419625066
26/5/2021,0.092563193,0.423964519
27/5/2021,0.101886451,0.419921338
28/5/2021,0.099433564,0.42492995
29/5/2021,0.100038796,0.431051292
30/5/2021,0.096741534,0.441129498
31/5/2021,0.090143538,0.441450569
1/6/2021,0.096500213,0.44211636
2/6/2021,0.088752334,0.438551213
3/6/2021,0.090416851,0.438823674
4/6/2021,0.083377261,0.427011581
5/6/2021,0.082844561,0.426064139
6/6/2021,0.068679393,0.433118369
7/6/2021,0.066284463,0.427967156
8/6/2021,0.062392814,0.437627161
9/6/2021,0.062989134,0.433558486
10/6/2021,0.06997388,0.436172586
11/6/2021,0.076069769,0.428503173
12/6/2021,0.093098937,0.426352239
13/6/2021,0.093008805,0.428987196
14/6/2021,0.103425599,0.434297344
15/6/2021,0.11239905,0.442030063
16/6/2021,0.111421105,0.446009609
17/6/2021,0.105909199,0.448535005
18/6/2021,0.114350343,0.446434328
19/6/2021,0.118215617,0.448238337
20/6/2021,0.117371979,0.439830483
21/6/2021,0.10490811,0.429496428
22/6/2021,0.106716262,0.426832599
23/6/2021,0.108234436,0.429147281
24/6/2021,0.095124321,0.427143362
25/6/2021,0.098833612,0.427931356
26/6/2021,0.093548238,0.434655632
27/6/2021,0.09596288,0.435912911
28/6/2021,0.098428448,0.446952874
29/6/2021,0.098317406,0.437761145
30/6/2021,0.110219502,0.435173694
1/7/2021,0.101611374,0.432801548
2/7/2021,0.104561117,0.426411347
3/7/2021,0.099263709,0.422543233
4/7/2021,0.104407703,0.430566873
5/7/2021,0.106830043,0.438569191
6/7/2021,0.096236773,0.440457531
7/7/2021,0.101910733,0.433615398
8/7/2021,0.104470612,0.43546487
9/7/2021,0.113676125,0.438900887
10/7/2021,0.104985231,0.428527889
11/7/2021,0.107782846,0.432236702
12/7/2021,0.110315085,0.433004837
13/7/2021,0.106181919,0.445654024
14/7/2021,0.102114738,0.437722257
15/7/2021,0.096519397,0.441738668
16/7/2021,0.098907961,0.437186437
17/7/2021,0.096991924,0.429032471
18/7/2021,0.101132773,0.423221209
19/7/2021,0.09848545,0.424378822
20/7/2021,0.098443576,0.428976486
21/7/2021,0.101054402,0.428382519
22/7/2021,0.10036038,0.436169015
23/7/2021,0.101609704,0.440829229
24/7/2021,0.095891027,0.453684722
25/7/2021,0.103438404,0.44444602
26/7/2021,0.10372419,0.447004799
27/7/2021,0.106645649,0.448279532
28/7/2021,0.106782074,0.442828263
29/7/2021,0.100545491,0.44342122
30/7/2021,0.09945633,0.431055107
31/7/2021,0.097339398,0.433478991
1/8/2021,0.096925913,0.442237687
2/8/2021,0.088123381,0.445130658
3/8/2021,0.093502813,0.449669043
4/8/2021,0.092371135,0.454196453
5/8/2021,0.090996608,0.458441519
6/8/2021,0.08813594,0.461904333
7/8/2021,0.086924099,0.454195036
8/8/2021,0.091372973,0.451154625
9/8/2021,0.088509889,0.448520948
10/8/2021,0.090438338,0.439200424
11/8/2021,0.089979737,0.436328994
12/8/2021,0.087702577,0.432011553
13/8/2021,0.091015037,0.430703954
14/8/2021,0.091600766,0.430392158
15/8/2021,0.091276356,0.427098457
16/8/2021,0.089780045,0.427099232
17/8/2021,0.096707321,0.433478304
18/8/2021,0.09958164,0.436976433
19/8/2021,0.099038176,0.439633774
20/8/2021,0.101701152,0.441349653
21/8/2021,0.093627382,0.443857421
22/8/2021,0.097221071,0.451292417
23/8/2021,0.096989378,0.449066223
24/8/2021,0.095149722,0.45208786
25/8/2021,0.096140755,0.455356044
26/8/2021,0.093232085,0.457235806
27/8/2021,0.099123298,0.455070907
28/8/2021,0.101659979,0.453885649
29/8/2021,0.101156738,0.449171677
30/8/2021,0.103354643,0.447107916
31/8/2021,0.103325346,0.446630256
1/9/2021,0.108824935,0.444730821
2/9/2021,0.10555476,0.447904806
3/9/2021,0.106444725,0.449840445
4/9/2021,0.107033608,0.45856441
5/9/2021,0.108726989,0.455001846
6/9/2021,0.106845065,0.450027629
7/9/2021,0.103223591,0.44616334
8/9/2021,0.100224792,0.446939072
9/9/2021,0.094527175,0.442867317
10/9/2021,0.093361988,0.434366183
11/9/2021,0.098089814,0.43481343
12/9/2021,0.0977425,0.436848351
13/9/2021,0.095968725,0.439821978
14/9/2021,0.104152186,0.439820397
15/9/2021,0.10502282,0.440351072
16/9/2021,0.104888853,0.447777911
17/9/2021,0.099830731,0.452736629
18/9/2021,0.097448914,0.449673864
19/9/2021,0.099197294,0.446996322
20/9/2021,0.093319305,0.446918786
21/9/2021,0.09100935,0.443827334
22/9/2021,0.086609336,0.4397611
23/9/2021,0.082267818,0.434996324
24/9/2021,0.083077989,0.436342437
25/9/2021,0.084425447,0.43277915
26/9/2021,0.094835459,0.429031034
27/9/2021,0.095897185,0.428651243
28/9/2021,0.10739036,0.434132765
29/9/2021,0.110636152,0.437319038
30/9/2021,0.104238017,0.440621402
1/10/2021,0.096385612,0.445109556
2/10/2021,0.088941905,0.450972525
3/10/2021,0.093454206,0.451354488
4/10/2021,0.081532194,0.447304874
5/10/2021,0.075112159,0.446688054
6/10/2021,0.074830071,0.445578889
7/10/2021,0.074964823,0.451343964
8/10/2021,0.073802685,0.445147464
9/10/2021,0.063953984,0.456825863
10/10/2021,0.062340219,0.461453115
11/10/2021,0.073314024,0.463728743
12/10/2021,0.083486461,0.462526276
13/10/2021,0.088381748,0.457275345
14/10/2021,0.089742058,0.460949522
15/10/2021,0.093715238,0.453734231
16/10/2021,0.099299103,0.45094442
17/10/2021,0.093528165,0.450478215
18/10/2021,0.091008653,0.455460523
19/10/2021,0.093612865,0.459812379
20/10/2021,0.097396948,0.457129026
21/10/2021,0.099605141,0.453444218
22/10/2021,0.103381723,0.452971404
23/10/2021,0.104190174,0.445357001
24/10/2021,0.102875908,0.443614182
25/10/2021,0.100610678,0.440513833
26/10/2021,0.087080287,0.443152494
27/10/2021,0.088130641,0.446415481
28/10/2021,0.084791147,0.447048552
29/10/2021,0.08342134,0.451688421
30/10/2021,0.083043447,0.447782631
31/10/2021,0.082249889,0.449756226
1/11/2021,0.090303934,0.451329065
2/11/2021,0.088304144,0.45679226
3/11/2021,0.091792164,0.456824009
4/11/2021,0.094336895,0.455925176
5/11/2021,0.096432266,0.452836256
6/11/2021,0.097166487,0.449316736
7/11/2021,0.100454275,0.448340377
8/11/2021,0.111569244,0.439832806
9/11/2021,0.108186354,0.437347936
10/11/2021,0.109531823,0.436764676
11/11/2021,0.11509928,0.440295932
12/11/2021,0.113819734,0.440397756
13/11/2021,0.116407831,0.436657911
14/11/2021,0.107780382,0.438193863
15/11/2021,0.106388288,0.438947478
16/11/2021,0.103855069,0.441303176
17/11/2021,0.098365822,0.442147904
18/11/2021,0.1008537,0.444096165
19/11/2021,0.098201715,0.450035171
20/11/2021,0.092318209,0.449049105
21/11/2021,0.086416678,0.45132391
22/11/2021,0.082619692,0.449496052
23/11/2021,0.081581353,0.452083156
24/11/2021,0.077170408,0.44930841
25/11/2021,0.0821405,0.44623046
26/11/2021,0.088180171,0.45291629
27/11/2021,0.100121958,0.44804087
28/11/2021,0.10909463,0.453675181
29/11/2021,0.106726758,0.449008946
30/11/2021,0.107262615,0.450072012
1/12/2021,0.096608014,0.45353407
2/12/2021,0.091522107,0.447628295
3/12/2021,0.083227939,0.456479966
4/12/2021,0.075702191,0.458625269
5/12/2021,0.069827052,0.461190644
6/12/2021,0.069397468,0.463077114
7/12/2021,0.071953716,0.451831686
8/12/2021,0.075694412,0.450021484
9/12/2021,0.076646892,0.441070529
10/12/2021,0.073787959,0.434721735
11/12/2021,0.082947921,0.438841828
12/12/2021,0.083087745,0.434840252
13/12/2021,0.090821892,0.440623132
14/12/2021,0.093168216,0.444816457
15/12/2021,0.091558881,0.445326526
16/12/2021,0.093774573,0.44525936
17/12/2021,0.095756093,0.446041859
18/12/2021,0.098649251,0.449758635
19/12/2021,0.088506568,0.450829901
20/12/2021,0.085918888,0.449406153
21/12/2021,0.082222425,0.448938525
22/12/2021,0.075917451,0.450593572
23/12/2021,0.067248448,0.445476145
24/12/2021,0.059291434,0.438899175
25/12/2021,0.065919029,0.442308955
26/12/2021,0.069719221,0.440547913
27/12/2021,0.081797311,0.442494344
28/12/2021,0.091311238,0.442990173
29/12/2021,0.098401433,0.437004536
30/12/2021,0.103978975,0.439809488
31/12/2021,0.104833985,0.438649801
1/1/2022,0.104768513,0.439671623
2/1/2022,0.101034719,0.447510208
3/1/2022,0.098693665,0.447361228
4/1/2022,0.102642499,0.454788452
5/1/2022,0.101879396,0.453427415
6/1/2022,0.097964845,0.447556545
7/1/2022,0.093990631,0.445270761
8/1/2022,0.08842933,0.433222155
9/1/2022,0.095022601,0.430559963
10/1/2022,0.091553194,0.428196053
11/1/2022,0.091211768,0.433217973
12/1/2022,0.093266833,0.437277787
13/1/2022,0.099290131,0.442379768
14/1/2022,0.10276181,0.446894182
15/1/2022,0.095001864,0.450402561
16/1/2022,0.092466812,0.452241825
17/1/2022,0.08865329,0.451539938
18/1/2022,0.075633481,0.452721736
19/1/2022,0.069552582,0.450228335
20/1/2022,0.066467398,0.451511188
21/1/2022,0.076209192,0.44709811
22/1/2022,0.078377048,0.444967348
23/1/2022,0.078652412,0.443553088
24/1/2022,0.089193713,0.441362091
25/1/2022,0.086127766,0.434116499
26/1/2022,0.077734156,0.430396135
27/1/2022,0.068263952,0.431485953
28/1/2022,0.061181464,0.426146123
29/1/2022,0.070654793,0.429596919
30/1/2022,0.065907457,0.435186647
31/1/2022,0.073879496,0.45052255
1/2/2022,0.08764827,0.451143879
2/2/2022,0.097374979,0.455856385
3/2/2022,0.1062191,0.456801717
4/2/2022,0.10261629,0.458576405
5/2/2022,0.107013687,0.450502458
6/2/2022,0.102688418,0.446751841
7/2/2022,0.103712866,0.446644143
8/2/2022,0.094481778,0.436900133
9/2/2022,0.090971766,0.431549524
10/2/2022,0.093445118,0.423137171
11/2/2022,0.086294962,0.434059741
12/2/2022,0.082930898,0.422937263
13/2/2022,0.087016166,0.424564639
14/2/2022,0.091618005,0.428913913
15/2/2022,0.095401812,0.44312086
16/2/2022,0.09480722,0.4373978
17/2/2022,0.104180754,0.436549187
18/2/2022,0.114539058,0.445624071
19/2/2022,0.105887386,0.448135143
20/2/2022,0.101844641,0.445216099
21/2/2022,0.100675501,0.439875802
22/2/2022,0.097534368,0.44317245
23/2/2022,0.085875392,0.43696751
24/2/2022,0.07323896,0.430444837
25/2/2022,0.078832313,0.428589591
26/2/2022,0.077670678,0.426673923
27/2/2022,0.080047239,0.422037202
28/2/2022,0.074078202,0.426711015
1/3/2022,0.081130484,0.420835097
2/3/2022,0.084608247,0.418389301
3/3/2022,0.077509179,0.416902348
4/3/2022,0.073569631,0.420525889
5/3/2022,0.07010811,0.432698522
6/3/2022,0.073317133,0.427515792
7/3/2022,0.067192951,0.435952073
8/3/2022,0.067409927,0.442516307
9/3/2022,0.070266687,0.435345668
10/3/2022,0.077343571,0.442555142
11/3/2022,0.073284222,0.438148684
12/3/2022,0.074776412,0.443340984
13/3/2022,0.078304123,0.431948247
14/3/2022,0.083715696,0.438168046
15/3/2022,0.083382621,0.444199133
16/3/2022,0.090289393,0.438760751
17/3/2022,0.095048339,0.438666902
18/3/2022,0.093463078,0.437787325
19/3/2022,0.09680259,0.443728186
20/3/2022,0.084946494,0.447480553
21/3/2022,0.079084701,0.450556212
22/3/2022,0.081842533,0.447667797
23/3/2022,0.085953084,0.443823653
24/3/2022,0.095225721,0.456703082
25/3/2022,0.10231849,0.465759229
26/3/2022,0.102536913,0.448532317
27/3/2022,0.106915299,0.444238546
28/3/2022,0.089934117,0.45390703
29/3/2022,0.085222352,0.45949444
30/3/2022,0.074386119,0.4471949
31/3/2022,0.078199684,0.431632582
1/4/2022,0.082679826,0.422144912
2/4/2022,0.10086865,0.422690164
3/4/2022,0.116430383,0.410616938
4/4/2022,0.115703984,0.402089019
5/4/2022,0.127110696,0.3985029
6/4/2022,0.117950054,0.406859084
7/4/2022,0.119133859,0.425008116
8/4/2022,0.101398956,0.433134325
9/4/2022,0.080234565,0.443081645
10/4/2022,0.081918403,0.44023627
11/4/2022,0.072363523,0.428646643
12/4/2022,0.062457172,0.429627685
13/4/2022,0.07593725,0.428516449
14/4/2022,0.077413415,0.425058101
15/4/2022,0.079678564,0.423396824
16/4/2022,0.090304213,0.4249397
17/4/2022,0.089289934,0.439452905
18/4/2022,0.091550181,0.432013567
19/4/2022,0.074870292,0.441567259
20/4/2022,0.072149275,0.439111885
21/4/2022,0.085938182,0.434221915
22/4/2022,0.078963759,0.439298014
23/4/2022,0.079428509,0.43380502
24/4/2022,0.086228597,0.431252203
25/4/2022,0.090901513,0.421071651
26/4/2022,0.094835004,0.415939593
27/4/2022,0.091454213,0.410939718
28/4/2022,0.087790133,0.408760915
29/4/2022,0.105986906,0.426417906
30/4/2022,0.107240244,0.425145166
1/5/2022,0.107701391,0.43183431
2/5/2022,0.100767587,0.438046319
3/5/2022,0.110003104,0.446253628
4/5/2022,0.102854908,0.447802332
5/5/2022,0.081044487,0.435546595
6/5/2022,0.080994424,0.445283923
7/5/2022,0.078069919,0.43834301
8/5/2022,0.077630836,0.438205835
9/5/2022,0.065666402,0.431684114
10/5/2022,0.061880708,0.433841186
11/5/2022,0.062219154,0.425165699
12/5/2022,0.057452006,0.424054814
13/5/2022,0.059265908,0.413763321
14/5/2022,0.065787111,0.412898543
15/5/2022,0.068163756,0.408995599
16/5/2022,0.084753135,0.413447925
17/5/2022,0.08743839,0.418310369
18/5/2022,0.088253661,0.425692708
19/5/2022,0.090793437,0.432936962
20/5/2022,0.089411075,0.441619524
21/5/2022,0.090955924,0.460359142
22/5/2022,0.076308734,0.445228417
23/5/2022,0.093528728,0.454382276
24/5/2022,0.089287165,0.438496259
25/5/2022,0.093382656,0.447158284
26/5/2022,0.093247454,0.441524
27/5/2022,0.074457161,0.437917926
28/5/2022,0.079212429,0.446619027
29/5/2022,0.070348712,0.435899827
30/5/2022,0.070516517,0.439585513
31/5/2022,0.067277803,0.432797503
1/6/2022,0.066541679,0.435061566
2/6/2022,0.081008767,0.427046697
3/6/2022,0.074817009,0.421339633
4/6/2022,0.060384449,0.426547182
5/6/2022,0.065919029,0.435963384
6/6/2022,0.067650708,0.444762144
7/6/2022,0.07565364,0.438192035
8/6/2022,0.086813147,0.435145723
9/6/2022,0.081375395,0.440091656
10/6/2022,0.07237456,0.446313628
11/6/2022,0.074687101,0.441904397
12/6/2022,0.068181164,0.433124313
13/6/2022,0.058795603,0.429813205
14/6/2022,0.04672001,0.427685199
15/6/2022,0.057436444,0.419809017
16/6/2022,0.069792868,0.416566662
17/6/2022,0.062690596,0.418335224
18/6/2022,0.070480777,0.407274554
19/6/2022,0.062476772,0.412957682
20/6/2022,0.058444735,0.418368961
21/6/2022,0.06152898,0.43426533
22/6/2022,0.066462402,0.427221129
23/6/2022,0.059837965,0.445733833
24/6/2022,0.056088161,0.436257822
25/6/2022,0.062250471,0.432115571
26/6/2022,0.076017499,0.436125213
27/6/2022,0.083097939,0.428620859
28/6/2022,0.101678299,0.437901947
29/6/2022,0.107294481,0.433884513
30/6/2022,0.125989486,0.46659739
1/7/2022,0.129834466,0.465269047
2/7/2022,0.111258607,0.464485846
3/7/2022,0.10110494,0.4567725
4/7/2022,0.074742676,0.460962113
5/7/2022,0.073333969,0.437086703
6/7/2022,0.045647877,0.422876647
7/7/2022,0.042412803,0.432205814
8/7/2022,0.039947779,0.412583421
9/7/2022,0.041968421,0.409566048
10/7/2022,0.047172291,0.40832442
11/7/2022,0.054880954,0.413913863
12/7/2022,0.045402183,0.399033963
13/7/2022,0.043562274,0.388084004
14/7/2022,0.065516054,0.387913297
15/7/2022,0.074983423,0.411280535
16/7/2022,0.070068657,0.386671917
17/7/2022,0.07830048,0.386841796
18/7/2022,0.107260827,0.399225866
19/7/2022,0.118817066,0.411765269
20/7/2022,0.104218953,0.433791225
21/7/2022,0.090722554,0.416757561
22/7/2022,0.108370755,0.432505304
23/7/2022,0.103817902,0.436806696
24/7/2022,0.081623465,0.433869739
25/7/2022,0.069091928,0.436281632
26/7/2022,0.067928764,0.436874677
27/7/2022,0.076534017,0.443490582
28/7/2022,0.056985548,0.448133964
29/7/2022,0.061136298,0.446481886
30/7/2022,0.064230187,0.453366536
31/7/2022,0.081566524,0.451256477
1/8/2022,0.09462396,0.448910351
2/8/2022,0.079567407,0.449241177
3/8/2022,0.088571639,0.446956463
4/8/2022,0.072670028,0.4432544
5/8/2022,0.075394953,0.44654483
6/8/2022,0.065298246,0.43890425
7/8/2022,0.067270205,0.437167312
8/8/2022,0.075402907,0.43910074
9/8/2022,0.079103506,0.441526291
10/8/2022,0.094839993,0.44197926
11/8/2022,0.10058275,0.443633243
12/8/2022,0.093705256,0.447230592
13/8/2022,0.082235474,0.456986073
14/8/2022,0.082695146,0.437243591
15/8/2022,0.094290718,0.438421373
16/8/2022,0.078715042,0.440239864
17/8/2022,0.086246421,0.432853959
18/8/2022,0.081773873,0.439398779
19/8/2022,0.090029758,0.421908762
20/8/2022,0.102574147,0.438824139
21/8/2022,0.086782747,0.439037142
22/8/2022,0.102784345,0.439519761
23/8/2022,0.082885249,0.450090257
24/8/2022,0.0928762,0.439971208
25/8/2022,0.101171258,0.456505731
26/8/2022,0.086994958,0.446408708
27/8/2022,0.07487545,0.438166445
28/8/2022,0.078137064,0.434708772
29/8/2022,0.09469911,0.427119829
30/8/2022,0.082210194,0.424672201
31/8/2022,0.090457282,0.414881436
1/9/2022,0.090165014,0.424794023
2/9/2022,0.099005205,0.431771826
3/9/2022,0.099050355,0.446247937
4/9/2022,0.095416333,0.432824604
5/9/2022,0.11096789,0.444203525
6/9/2022,0.092944898,0.442509547
7/9/2022,0.096789164,0.447992408
8/9/2022,0.104863876,0.432013892
9/9/2022,0.09859206,0.418204453
10/9/2022,0.094790004,0.440147256
11/9/2022,0.089833661,0.440988761
12/9/2022,0.080349867,0.444113761
13/9/2022,0.069827485,0.436838307
14/9/2022,0.06429157,0.435016056
15/9/2022,0.062056746,0.445137168
16/9/2022,0.060762471,0.442932282
17/9/2022,0.054429406,0.427207074
18/9/2022,0.052398006,0.424369097
19/9/2022,0.063812756,0.429325088
20/9/2022,0.062640986,0.450231676
21/9/2022,0.061226545,0.433561676
22/9/2022,0.068011548,0.435627777
23/9/2022,0.07797852,0.440685454
24/9/2022,0.083316863,0.444321579
25/9/2022,0.079249915,0.443011989
26/9/2022,0.085512065,0.430532212
27/9/2022,0.094825891,0.438087418
28/9/2022,0.087344933,0.416711183
29/9/2022,0.072305459,0.43049782
30/9/2022,0.07108378,0.427039877
1/10/2022,0.065221325,0.423665666
2/10/2022,0.063804626,0.439129209
